id,title,subtitle,icon,color,image
1,ЭФИРЫ,Прямые эфиры!!,🎙️,blue,https://i.imgur.com/wakouI3.jpeg
2,КУРСЫ,Обучение!!,🧠,purple,https://i.imgur.com/81REFcZ.png
3,РАЗБОРЫ,!,🔧,red,https://i.imgur.com/kTHUukF.jpeg
4,НЕМИКРОБИЗНЕС,Крупный бизнес,🦈,green,https://i.imgur.com/RHi204F.png
5,КНИГИ,Литература,📚,orange,https://i.imgur.com/LbQ7INj.jpeg
6,ФИЛЬМЫ,Кинематограф,🎬,pink,https://i.imgur.com/cinema.jpg